{"train_loss": [0.03847648957986492, 0.0053071642124277105, 0.003763646047866521, 0.0032164045290569263, 0.0028294196343614663, 0.002514608545535691, 0.0023103699207876545, 0.0021836093926029766, 0.0020911384520600038, 0.0020229512286598582], "val_loss": [0.008319496510905681, 0.004172139743213795, 0.0034302398777766034, 0.002999830608810648, 0.00264712295500357, 0.0023864060815294527, 0.0022361584571647763, 0.0021196556993560984, 0.002041542852119774, 0.0019798408123809907]}